id,pred_label,probs
718,no_relation,"[0.9572916626930237, 0.002792605897411704, 0.003224695101380348, 0.002348751062527299, 0.00455511687323451, 0.00422354880720377, 0.016456525772809982, 0.006351360585540533, 0.0027556971181184053]"
362,per:event,"[0.003970077261328697, 0.0068976073525846004, 0.504753589630127, 0.010962930507957935, 0.004701667465269566, 0.4382498860359192, 0.007967092096805573, 0.007442939560860395, 0.015054255723953247]"
200,org:event,"[0.0017865555128082633, 0.001876247813925147, 0.006585185416042805, 0.0031256277579814196, 0.001569785876199603, 0.9788201451301575, 0.002321509411558509, 0.0014301149640232325, 0.0024847914464771748]"
310,date:event,"[0.0020424537360668182, 0.0015882672742009163, 0.0015274835750460625, 0.0009600379853509367, 0.001048529869876802, 0.0017136477399617434, 0.0005978677654638886, 0.0021710924338549376, 0.9883507490158081]"
830,no_relation,"[0.9772059917449951, 0.0019683295395225286, 0.003004356287419796, 0.002165676560252905, 0.008676241151988506, 0.001060978160239756, 0.0016010256949812174, 0.0020628327038139105, 0.0022546180989593267]"
949,date:event,"[0.1061192974448204, 0.008497821167111397, 0.00524165527895093, 0.007033344358205795, 0.00730103300884366, 0.0033634447026997805, 0.00373531854711473, 0.011640915647149086, 0.8470671772956848]"
504,date:event,"[0.0038752916734665632, 0.0017261023167520761, 0.0016688103787600994, 0.001056445064023137, 0.0011155555257573724, 0.0013399666640907526, 0.0006566651281900704, 0.0018045217730104923, 0.9867565631866455]"
1053,date:event,"[0.00125206564553082, 0.0016591416206210852, 0.0015736317727714777, 0.0014403224922716618, 0.0015616030432283878, 0.0015856079990044236, 0.0009092624532058835, 0.002817442175000906, 0.9872008562088013]"
1002,no_relation,"[0.6937756538391113, 0.007280795369297266, 0.006580705754458904, 0.010432843118906021, 0.15066410601139069, 0.006372802425175905, 0.10017075389623642, 0.02104227803647518, 0.0036801104433834553]"
829,org:members_of,"[0.03789910301566124, 0.004186748992651701, 0.003487643552944064, 0.007585230283439159, 0.9289728403091431, 0.003275139955803752, 0.005300224293023348, 0.0072770616970956326, 0.0020160365384072065]"
529,no_relation,"[0.9776081442832947, 0.0020910552702844143, 0.0018544760532677174, 0.0017907890724018216, 0.010392510332167149, 0.001776886056177318, 0.0012931490782648325, 0.001631273771636188, 0.0015616411110386252]"
19,org:event,"[0.006809521932154894, 0.0023090378381311893, 0.007159921806305647, 0.003925534896552563, 0.002067559165880084, 0.9677914381027222, 0.0028783464804291725, 0.0022363567259162664, 0.004822316579520702]"
884,law:definition,"[0.021452177315950394, 0.02058013342320919, 0.028547151014208794, 0.09875468909740448, 0.03518051654100418, 0.048140957951545715, 0.14021188020706177, 0.5417690873146057, 0.06536346673965454]"
665,org:naming,"[0.00613360246643424, 0.006459068972617388, 0.005776618607342243, 0.7685253620147705, 0.1796271651983261, 0.004916191101074219, 0.0154062295332551, 0.009394488297402859, 0.003761246567592025]"
574,date:event,"[0.011249544098973274, 0.0020662674214690924, 0.0023235080298036337, 0.0012619785265997052, 0.002207381883636117, 0.0023314999416470528, 0.000834427191875875, 0.0027637137100100517, 0.9749616384506226]"
844,org:members_of,"[0.2798919677734375, 0.00552161131054163, 0.004778121132403612, 0.008678184822201729, 0.6872795820236206, 0.002619441831484437, 0.0035776712466031313, 0.004704914055764675, 0.002948503941297531]"
511,law:subordinate,"[0.00391777977347374, 0.0034427556674927473, 0.005857799202203751, 0.04586492106318474, 0.010256378911435604, 0.006909784395247698, 0.8796370625495911, 0.0420815572142601, 0.002031936077401042]"
101,date:event,"[0.09771990031003952, 0.007183806970715523, 0.011941454373300076, 0.004838309716433287, 0.004760609939694405, 0.01726163923740387, 0.0017523991409689188, 0.0038252484519034624, 0.8507166504859924]"
717,date:event,"[0.002426609629765153, 0.001823205966502428, 0.002400997094810009, 0.002107689157128334, 0.002295319689437747, 0.001870982930995524, 0.0013066668761894107, 0.003738199360668659, 0.98203045129776]"
605,org:naming,"[0.00207480788230896, 0.00392522756010294, 0.006474210415035486, 0.9277186989784241, 0.02821117267012596, 0.006951598916202784, 0.010808580555021763, 0.010001471266150475, 0.0038342701736837626]"
382,no_relation,"[0.9811650514602661, 0.0049590920098125935, 0.0026318468153476715, 0.0013391271932050586, 0.004136508330702782, 0.0014357547042891383, 0.0011535711819306016, 0.0014666731003671885, 0.001712294528260827]"
571,no_relation,"[0.7663239240646362, 0.009289667941629887, 0.005364939104765654, 0.006015771068632603, 0.1957707703113556, 0.0032438328489661217, 0.004711513873189688, 0.0058058518916368484, 0.003473734948784113]"
507,law:subordinate,"[0.004345834255218506, 0.0031519571784883738, 0.004643321502953768, 0.03111651912331581, 0.006631157360970974, 0.0055061220191419125, 0.9056922793388367, 0.03696608170866966, 0.0019467950332909822]"
864,law:definition,"[0.015256664715707302, 0.02519860863685608, 0.025247247889637947, 0.21851584315299988, 0.03386635705828667, 0.029528087005019188, 0.1304684579372406, 0.46133482456207275, 0.06058397516608238]"
951,date:event,"[0.0011975029483437538, 0.002354032825678587, 0.0017386683030053973, 0.0017139671836048365, 0.0014404996763914824, 0.002034862292930484, 0.0011525151785463095, 0.0033264115918427706, 0.9850415587425232]"
564,no_relation,"[0.9763519763946533, 0.0019082317594438791, 0.001960273366421461, 0.002283995971083641, 0.0032051680609583855, 0.0017569204792380333, 0.0071693360805511475, 0.0038448378909379244, 0.0015191980637609959]"
546,org:event,"[0.3659482002258301, 0.005766959860920906, 0.029561029747128487, 0.00992241408675909, 0.010234792716801167, 0.5604507327079773, 0.005390701349824667, 0.0053156157955527306, 0.007409546058624983]"
1089,date:event,"[0.0019350365037098527, 0.0015510105295106769, 0.0012891971273347735, 0.0011933624045923352, 0.0011628346983343363, 0.0013012455310672522, 0.0006349930190481246, 0.0022993329912424088, 0.9886329770088196]"
760,no_relation,"[0.6629594564437866, 0.006068365182727575, 0.006747217383235693, 0.006595062091946602, 0.30030038952827454, 0.0038126674480736256, 0.004293147008866072, 0.0048399572260677814, 0.004383768420666456]"
386,no_relation,"[0.9832587242126465, 0.004083278588950634, 0.002277491381391883, 0.0014449815498664975, 0.0036624791100621223, 0.0011467169970273972, 0.0011301604099571705, 0.00139357871375978, 0.0016026843804866076]"
1146,org:naming,"[0.0017734020948410034, 0.0038780292961746454, 0.007231131196022034, 0.9290741086006165, 0.016146916896104813, 0.008964425884187222, 0.01726853847503662, 0.010951155796647072, 0.004712349735200405]"
1126,date:event,"[0.0027107063215225935, 0.0013305662432685494, 0.0013457589084282517, 0.0009933395776897669, 0.000951206311583519, 0.0013123847311362624, 0.0005929985782131553, 0.0017238038126379251, 0.9890391826629639]"
607,org:members_of,"[0.003511618822813034, 0.0028984672389924526, 0.0032330574467778206, 0.009199479594826698, 0.9672040343284607, 0.0038040471263229847, 0.003175996011123061, 0.0035259730648249388, 0.003447346854954958]"
582,org:members_of,"[0.007594968657940626, 0.0030836504884064198, 0.005140973720699549, 0.03792018070816994, 0.9285029172897339, 0.0035340404137969017, 0.005768392700701952, 0.005614628549665213, 0.002840318949893117]"
1120,no_relation,"[0.575445830821991, 0.007467741146683693, 0.003923471551388502, 0.004887323826551437, 0.3903404176235199, 0.004563865717500448, 0.004170811735093594, 0.005334791727364063, 0.0038657281547784805]"
553,no_relation,"[0.9812859296798706, 0.0018455301178619266, 0.002162141026929021, 0.0016720896819606423, 0.004968214780092239, 0.0017936250660568476, 0.0028674036730080843, 0.0020238307770341635, 0.0013811675598844886]"
166,no_relation,"[0.9741290211677551, 0.0031836284324526787, 0.0028260338585823774, 0.0016126238042488694, 0.011213140562176704, 0.0017268115188926458, 0.0018390185432508588, 0.0020786025561392307, 0.0013910557609051466]"
503,per:theory,"[0.003642479656264186, 0.9162801504135132, 0.034452296793460846, 0.0077887289226055145, 0.005884393583983183, 0.00729562109336257, 0.0065500009804964066, 0.010928611271083355, 0.00717761367559433]"
213,date:event,"[0.0020270918030291796, 0.0013602274702861905, 0.0015975306741893291, 0.0009443872258998454, 0.0010238842805847526, 0.001286103157326579, 0.0005586365005001426, 0.001952377613633871, 0.9892498254776001]"
522,no_relation,"[0.9616022109985352, 0.008639342151582241, 0.005555291194468737, 0.003683560062199831, 0.0070360866375267506, 0.003649515099823475, 0.0018418047111481428, 0.002791492734104395, 0.005200712475925684]"
648,org:members_of,"[0.003887736238539219, 0.0022997320629656315, 0.0021695417817682028, 0.006986632477492094, 0.9728336930274963, 0.0031789736822247505, 0.003228588728234172, 0.003792613511905074, 0.0016225192230194807]"
681,org:naming,"[0.016305483877658844, 0.010166547261178493, 0.018049582839012146, 0.7618787288665771, 0.0919061154127121, 0.04488519951701164, 0.012055941857397556, 0.026708679273724556, 0.018043696880340576]"
300,date:event,"[0.011868481524288654, 0.0046333675272762775, 0.003909389488399029, 0.00227761291898787, 0.0022169984877109528, 0.00670365896075964, 0.000989206600934267, 0.0038660126738250256, 0.9635352492332458]"
621,date:event,"[0.0014426191337406635, 0.0019861343316733837, 0.001939943409524858, 0.0017179317073896527, 0.0017013850156217813, 0.0016687781317159534, 0.0010919603519141674, 0.0037669148296117783, 0.984684407711029]"
143,date:event,"[0.001626616925932467, 0.0015262039378285408, 0.0014619885478168726, 0.0011452387552708387, 0.0012441803701221943, 0.0016266773454844952, 0.000694499583914876, 0.0022355259861797094, 0.9884390234947205]"
758,no_relation,"[0.9378024339675903, 0.005071556195616722, 0.0038409028202295303, 0.004805856384336948, 0.004046026151627302, 0.0036823346745222807, 0.002643178217113018, 0.0035495366901159286, 0.034558091312646866]"
995,date:event,"[0.0093940244987607, 0.0019504200899973512, 0.0024909416679292917, 0.0014115575468167663, 0.0016914180014282465, 0.002136317314580083, 0.0008964726002886891, 0.0023809100966900587, 0.9776480197906494]"
271,org:event,"[0.0039595915004611015, 0.0032127273734658957, 0.04319457709789276, 0.005368126090615988, 0.0022886162623763084, 0.930303156375885, 0.002624040236696601, 0.0025623394176363945, 0.006486744619905949]"
544,law:subordinate,"[0.05207742378115654, 0.010424473322927952, 0.008533096872270107, 0.09600521624088287, 0.03194499388337135, 0.006880362518131733, 0.7603262066841125, 0.030218733474612236, 0.0035895025357604027]"
230,org:event,"[0.0025557815097272396, 0.0030433887150138617, 0.025850467383861542, 0.00544100534170866, 0.002280512358993292, 0.9472726583480835, 0.0033471640199422836, 0.002763146534562111, 0.007445921655744314]"
920,no_relation,"[0.9812090992927551, 0.0028635188937187195, 0.002929583890363574, 0.0026927401777356863, 0.0029259133152663708, 0.0023432814050465822, 0.0014685720670968294, 0.002065991749987006, 0.0015013283118605614]"
543,date:event,"[0.009883527643978596, 0.0018258433556184173, 0.0018978200387209654, 0.0011088370811194181, 0.0013654852518811822, 0.0017693093977868557, 0.0005843703984282911, 0.0021491525694727898, 0.9794155359268188]"
891,no_relation,"[0.9456116557121277, 0.0030477142427116632, 0.0025749763008207083, 0.003024396253749728, 0.03327159583568573, 0.003284256672486663, 0.0034860933665186167, 0.003246497130021453, 0.00245295325294137]"
1060,date:event,"[0.017291085794568062, 0.006886014249175787, 0.005933786276727915, 0.004471153020858765, 0.003182365093380213, 0.04650525003671646, 0.0023069570306688547, 0.006604054942727089, 0.9068192839622498]"
902,no_relation,"[0.9862635135650635, 0.0017387717962265015, 0.0020691370591521263, 0.001327734673395753, 0.003060018178075552, 0.0011694309068843722, 0.0010442197090014815, 0.0015216093743219972, 0.001805609674192965]"
480,law:subordinate,"[0.007921451702713966, 0.0052572921849787235, 0.007629349362105131, 0.07894513010978699, 0.006846474017947912, 0.010471059940755367, 0.7856299877166748, 0.09257791191339493, 0.004721362609416246]"
367,date:event,"[0.0016271224012598395, 0.0015733977779746056, 0.0017975785303860903, 0.00088406668510288, 0.0011176998959854245, 0.002002169843763113, 0.000550290395040065, 0.0017274883575737476, 0.9887202382087708]"
827,no_relation,"[0.9830030798912048, 0.0023445819970220327, 0.002151964232325554, 0.0012375008082017303, 0.004932696465402842, 0.0014338772743940353, 0.0014400604413822293, 0.0018297536298632622, 0.0016264623263850808]"
129,per:theory,"[0.011920353397727013, 0.9448883533477783, 0.012932642363011837, 0.005925867240875959, 0.0037263736594468355, 0.0026369018014520407, 0.004937287885695696, 0.008589704521000385, 0.004442485049366951]"
117,per:event,"[0.004735362250357866, 0.005246073938906193, 0.902186930179596, 0.008341589011251926, 0.0035593374632298946, 0.0535285547375679, 0.004453555215150118, 0.004900059662759304, 0.013048546388745308]"
239,per:theory,"[0.009442870505154133, 0.9542916417121887, 0.0043866983614861965, 0.00624328525736928, 0.0036901659332215786, 0.0030486315954476595, 0.005335502326488495, 0.00947656948119402, 0.004084569402039051]"
1011,org:event,"[0.0038266200572252274, 0.0059193032793700695, 0.011145060881972313, 0.005684313829988241, 0.004553565755486488, 0.931740403175354, 0.004617494996637106, 0.0048527284525334835, 0.02766052447259426]"
1122,date:event,"[0.001905237790197134, 0.0020329400431364775, 0.001862347824499011, 0.0012786489678546786, 0.0016716320533305407, 0.001678487635217607, 0.0008349038544110954, 0.0022441567853093147, 0.9864916205406189]"
885,no_relation,"[0.9046913981437683, 0.048596203327178955, 0.008041542954742908, 0.012120374478399754, 0.004624698776751757, 0.0027107098139822483, 0.007848387584090233, 0.006574599072337151, 0.004792053252458572]"
787,no_relation,"[0.961366593837738, 0.01457216776907444, 0.007240989711135626, 0.0021015293896198273, 0.005889912135899067, 0.0013244159054011106, 0.0019970021676272154, 0.002618915867060423, 0.0028884403873234987]"
436,no_relation,"[0.9679507613182068, 0.010942434892058372, 0.0070441607385873795, 0.0018522607861086726, 0.00346381519921124, 0.002051637042313814, 0.0018681419314816594, 0.0022988924756646156, 0.0025278127286583185]"
424,no_relation,"[0.9584161043167114, 0.003161034546792507, 0.0024939943104982376, 0.005072169937193394, 0.0029254911933094263, 0.0021874422673135996, 0.019053321331739426, 0.0044449130073189735, 0.0022454685531556606]"
482,law:subordinate,"[0.002077367389574647, 0.005531055387109518, 0.007164710201323032, 0.060668256133794785, 0.006807322148233652, 0.007767669856548309, 0.8686970472335815, 0.0386006124317646, 0.002685992978513241]"
1107,no_relation,"[0.9647931456565857, 0.0031016741413623095, 0.004789751023054123, 0.002300591440871358, 0.005258782301098108, 0.004480081610381603, 0.001543381018564105, 0.002426420571282506, 0.011306136846542358]"
619,org:members_of,"[0.007223078049719334, 0.0026471377350389957, 0.00367284775711596, 0.009997465647757053, 0.9658530950546265, 0.0026571271009743214, 0.0027219958137720823, 0.003445305395871401, 0.001781984232366085]"
510,date:event,"[0.0022908716928213835, 0.0014420850202441216, 0.0015530793461948633, 0.001039099064655602, 0.0010263788281008601, 0.001432911492884159, 0.0006172775174491107, 0.0019208508310839534, 0.988677442073822]"
196,no_relation,"[0.6704469919204712, 0.006927927955985069, 0.004753854125738144, 0.00539863808080554, 0.2976198196411133, 0.003949752543121576, 0.0032524531707167625, 0.004399727564305067, 0.003250780515372753]"
198,org:naming,"[0.003091918770223856, 0.0037544984370470047, 0.006045985966920853, 0.9491836428642273, 0.014087031595408916, 0.004814875312149525, 0.008878227323293686, 0.005160833243280649, 0.004982973448932171]"
1033,date:event,"[0.0013858608435839415, 0.0017988551408052444, 0.0014355626190081239, 0.0011369191342964768, 0.0014786188257858157, 0.0017634894466027617, 0.0008602269226685166, 0.0028474386781454086, 0.9872931241989136]"
591,date:event,"[0.0026641804724931717, 0.0019101094221696258, 0.002539859851822257, 0.0020820852369070053, 0.0023876482155174017, 0.0017688509542495012, 0.0012827060418203473, 0.0038378785829991102, 0.9815266728401184]"
550,no_relation,"[0.9834504127502441, 0.0017945541767403483, 0.001981710083782673, 0.0018522487953305244, 0.005406875628978014, 0.001031595515087247, 0.0014001240488141775, 0.0016226381994783878, 0.0014599405694752932]"
281,org:event,"[0.003414176171645522, 0.0023967132437974215, 0.00748096639290452, 0.006374747026711702, 0.0035735792480409145, 0.9446444511413574, 0.004382712300866842, 0.0037060673348605633, 0.024026714265346527]"
603,no_relation,"[0.9220587015151978, 0.004270997364073992, 0.0037091090343892574, 0.0037358033005148172, 0.05601301044225693, 0.001854066620580852, 0.0022185540292412043, 0.0034436453133821487, 0.0026961604598909616]"
921,no_relation,"[0.5171430706977844, 0.3787422776222229, 0.013627149164676666, 0.0235260259360075, 0.00824256893247366, 0.006744379177689552, 0.023367512971162796, 0.020024385303258896, 0.008582592010498047]"
22,date:event,"[0.001197346136905253, 0.0023085670545697212, 0.002483997493982315, 0.001992654986679554, 0.0021982782054692507, 0.00310348579660058, 0.0013258317485451698, 0.0034246225841343403, 0.9819652438163757]"
179,org:naming,"[0.002039500977844, 0.004243111237883568, 0.006836272310465574, 0.940701425075531, 0.008253891952335835, 0.007752875331789255, 0.014767736196517944, 0.009481309913098812, 0.005923846270889044]"
935,date:event,"[0.0048040407709777355, 0.0016185521380975842, 0.0026073111221194267, 0.0011681185569614172, 0.002127346582710743, 0.0030382240656763315, 0.0006538830348290503, 0.0020815853495150805, 0.9819009900093079]"
660,org:naming,"[0.0034189417492598295, 0.0033650421537458897, 0.004933211952447891, 0.9522900581359863, 0.011048933491110802, 0.003974341321736574, 0.010779417119920254, 0.006986777298152447, 0.003203167812898755]"
688,no_relation,"[0.9129403233528137, 0.004107058048248291, 0.003526863642036915, 0.002977345371618867, 0.06402231752872467, 0.004079377744346857, 0.002674364484846592, 0.0032594415824860334, 0.0024129298981279135]"
360,date:event,"[0.0017356916796416044, 0.001678860280662775, 0.0017588910413905978, 0.0009875786490738392, 0.0011076928349211812, 0.0013877807650715113, 0.0006450075889006257, 0.002171469386667013, 0.9885270595550537]"
583,law:subordinate,"[0.004221914801746607, 0.01360996626317501, 0.01356526743620634, 0.06724047660827637, 0.012503543868660927, 0.01660868711769581, 0.6071992516517639, 0.25507137179374695, 0.009979442693293095]"
60,org:naming,"[0.0023718338925391436, 0.0037686785217374563, 0.006524448283016682, 0.9465222954750061, 0.010627913288772106, 0.0070327953435480595, 0.010116355493664742, 0.0068073696456849575, 0.006228177808225155]"
911,no_relation,"[0.9618893265724182, 0.011194974184036255, 0.0024903900921344757, 0.003789286594837904, 0.006423045415431261, 0.0017230584053322673, 0.006147073581814766, 0.004083316307514906, 0.0022595573682338]"
227,date:event,"[0.0023496237117797136, 0.0013830981915816665, 0.0014452652540057898, 0.0013660222757607698, 0.0017451142193749547, 0.001306388876400888, 0.000802421011030674, 0.0021656453609466553, 0.9874364137649536]"
578,org:members_of,"[0.002314306329935789, 0.002740017371252179, 0.003443244146183133, 0.005696077365428209, 0.9720230102539062, 0.0038939618971198797, 0.0036463027354329824, 0.003711315104737878, 0.002531789941713214]"
549,per:theory,"[0.011018473654985428, 0.914677083492279, 0.01875877007842064, 0.01826426014304161, 0.006316305138170719, 0.0036570653319358826, 0.006150612607598305, 0.012502999044954777, 0.008654419332742691]"
762,date:event,"[0.002369288355112076, 0.0015954042319208384, 0.0015119460877031088, 0.001011683838441968, 0.000890079652890563, 0.0014062289847061038, 0.000733644817955792, 0.0021745837293565273, 0.9883071780204773]"
1088,org:members_of,"[0.003049112856388092, 0.006016617640852928, 0.01042372826486826, 0.2918742299079895, 0.6407638192176819, 0.01681838557124138, 0.01345828827470541, 0.011826352216303349, 0.005769545212388039]"
924,no_relation,"[0.959518313407898, 0.0025892776902765036, 0.0019512897124513984, 0.004772048909217119, 0.022089755162596703, 0.00135077815502882, 0.003002552315592766, 0.00329254730604589, 0.0014334016013890505]"
766,no_relation,"[0.6786351799964905, 0.0912502184510231, 0.014124317094683647, 0.15616416931152344, 0.011287827044725418, 0.006389277055859566, 0.015983255580067635, 0.013303069397807121, 0.01286266278475523]"
905,org:naming,"[0.0044027091935276985, 0.0043640960939228535, 0.007353628985583782, 0.8719760179519653, 0.0757838785648346, 0.006706812418997288, 0.015790807083249092, 0.009999136440455914, 0.0036229207180440426]"
597,org:members_of,"[0.0032944444101303816, 0.0028962993528693914, 0.004245356656610966, 0.03328593447804451, 0.9386311173439026, 0.00338370562531054, 0.0060706837102770805, 0.00549541600048542, 0.0026971721090376377]"
103,date:event,"[0.0025388402864336967, 0.002913973294198513, 0.002017525490373373, 0.0011767646064981818, 0.0010618005180731416, 0.0028098016045987606, 0.0007677882676944137, 0.00320044974796474, 0.9835130572319031]"
58,per:event,"[0.006992281414568424, 0.005595124326646328, 0.9306288957595825, 0.009512458927929401, 0.003654759842902422, 0.029810000211000443, 0.0050879125483334064, 0.004522258881479502, 0.00419635372236371]"
238,per:theory,"[0.011669483035802841, 0.9527739882469177, 0.006586398929357529, 0.00471720052883029, 0.0039804549887776375, 0.00303419167175889, 0.005672905594110489, 0.007643701508641243, 0.003921716008335352]"
704,org:members_of,"[0.09772247821092606, 0.007954683154821396, 0.010426843538880348, 0.028980668634176254, 0.5010188221931458, 0.008878437802195549, 0.3112742304801941, 0.02937290631234646, 0.004370957612991333]"
774,per:theory,"[0.3350013196468353, 0.48211559653282166, 0.011015116237103939, 0.0703989565372467, 0.03115798346698284, 0.006349767092615366, 0.0301932655274868, 0.02462134324014187, 0.009146712720394135]"
97,date:event,"[0.0012520282762125134, 0.0017397740157321095, 0.0015674676978960633, 0.0012381994165480137, 0.0015861184801906347, 0.0017487506847828627, 0.0007694914238527417, 0.002514891792088747, 0.9875832200050354]"
477,per:theory,"[0.004076642449945211, 0.9312711954116821, 0.021307116374373436, 0.006861791480332613, 0.006647331174463034, 0.006023715250194073, 0.005750714801251888, 0.010363802313804626, 0.0076976921409368515]"
162,date:event,"[0.0018853254150599241, 0.002718552714213729, 0.0019421108299866319, 0.0014163530431687832, 0.0013115787878632545, 0.003470818744972348, 0.0008758555632084608, 0.00312378304079175, 0.9832556247711182]"
263,org:event,"[0.013727105222642422, 0.00299386540427804, 0.015288454480469227, 0.004637720994651318, 0.006017055828124285, 0.9440743923187256, 0.0033729891292750835, 0.0030105903279036283, 0.006877837236970663]"
534,per:event,"[0.0077078635804355145, 0.014258311130106449, 0.8842690587043762, 0.011511130258440971, 0.004805827978998423, 0.04679320007562637, 0.006115480791777372, 0.006567175500094891, 0.017971962690353394]"
164,date:event,"[0.0013149100122973323, 0.0018394258804619312, 0.001939544570632279, 0.001046478864736855, 0.0011883387342095375, 0.001854859059676528, 0.0007395668071694672, 0.0023265075869858265, 0.9877503514289856]"
236,no_relation,"[0.8794881105422974, 0.014973372220993042, 0.07202793657779694, 0.005676148924976587, 0.005397236905992031, 0.00647307513281703, 0.0029908681754022837, 0.005046560894697905, 0.00792662613093853]"
486,no_relation,"[0.9828429818153381, 0.004175548907369375, 0.002924860455095768, 0.0014765978557989001, 0.0029285307973623276, 0.0012290773447602987, 0.0011485902359709144, 0.0014548940816894174, 0.0018189861439168453]"
1041,date:event,"[0.0014602920273318887, 0.0017779881600290537, 0.0016435658326372504, 0.0011254610726609826, 0.0012277245987206697, 0.001550560351461172, 0.0006194361485540867, 0.0020805629901587963, 0.9885143637657166]"
548,law:subordinate,"[0.018262051045894623, 0.010833237320184708, 0.010555770248174667, 0.020110154524445534, 0.0118061238899827, 0.02165568433701992, 0.7129010558128357, 0.1877107322216034, 0.0061652325093746185]"
487,org:event,"[0.0027364178095012903, 0.0022279596887528896, 0.006512315943837166, 0.004657938610762358, 0.0030915846582502127, 0.9694092273712158, 0.003307281993329525, 0.003217831254005432, 0.004839438479393721]"
800,org:members_of,"[0.0032231672666966915, 0.0024474305100739002, 0.0033017664682120085, 0.005518282297998667, 0.9734923839569092, 0.003637664718553424, 0.002624073764309287, 0.0032318022567778826, 0.002523471135646105]"
779,law:subordinate,"[0.0027005996089428663, 0.009490448981523514, 0.006318692583590746, 0.03721700608730316, 0.005277806427329779, 0.01033619325608015, 0.8456866145133972, 0.07882578670978546, 0.0041469065472483635]"
842,no_relation,"[0.9327423572540283, 0.003953536041080952, 0.005409141071140766, 0.03259142488241196, 0.007266088854521513, 0.004037089645862579, 0.0046399482525885105, 0.006139568518847227, 0.0032210233621299267]"
6,no_relation,"[0.9850059151649475, 0.0016665926668792963, 0.0018087663920596242, 0.001122947782278061, 0.004375566728413105, 0.001578976633027196, 0.0013635809300467372, 0.0015056681586429477, 0.0015719833318144083]"
283,no_relation,"[0.984039843082428, 0.0015823080902919173, 0.003049372462555766, 0.0017864479450508952, 0.0030930377542972565, 0.0024884301237761974, 0.0008907446754164994, 0.00136008788831532, 0.001709694042801857]"
119,date:event,"[0.0018342002294957638, 0.0014467237051576376, 0.0017410010332241654, 0.0009661971707828343, 0.0010241921991109848, 0.0017003723187372088, 0.000522081449162215, 0.0016231960617005825, 0.9891420602798462]"
719,org:members_of,"[0.0076317437924444675, 0.0018916730768978596, 0.002381596714258194, 0.01046827808022499, 0.969506561756134, 0.0016815024428069592, 0.002641653409227729, 0.002490048063918948, 0.0013069453416392207]"
922,org:members_of,"[0.0027707836125046015, 0.0018634891603142023, 0.0026251256931573153, 0.008920836262404919, 0.9725326895713806, 0.0023842770606279373, 0.003630173159763217, 0.0032715408597141504, 0.0020011160522699356]"
59,org:event,"[0.03813169524073601, 0.007485421374440193, 0.06497183442115784, 0.016145136207342148, 0.009704363532364368, 0.8481471538543701, 0.005977809429168701, 0.004994897171854973, 0.004441566299647093]"
1105,org:event,"[0.02123093046247959, 0.003345596371218562, 0.026745442301034927, 0.005983660463243723, 0.004573862999677658, 0.9274625182151794, 0.0031917754095047712, 0.0024550266098231077, 0.00501118553802371]"
442,date:event,"[0.0014084146823734045, 0.001869858824647963, 0.001642270595766604, 0.0009761215187609196, 0.000891412899363786, 0.002202758099883795, 0.0005906546721234918, 0.0019623208791017532, 0.988456130027771]"
26,org:event,"[0.001520408084616065, 0.0023910347372293472, 0.008757630363106728, 0.004988182336091995, 0.002788212615996599, 0.9652974009513855, 0.004343548323959112, 0.002881507156416774, 0.0070320661179721355]"
228,org:event,"[0.0018209824338555336, 0.0026921203825622797, 0.0049171471036970615, 0.00524582015350461, 0.0023845750838518143, 0.9729539155960083, 0.002911941148340702, 0.0028795849066227674, 0.004193839151412249]"
73,no_relation,"[0.9845617413520813, 0.0022400368470698595, 0.0014326631790027022, 0.0018234162125736475, 0.00267365132458508, 0.001370168523862958, 0.002213240833953023, 0.0027858014218509197, 0.0008991252980194986]"
1078,no_relation,"[0.7875593900680542, 0.09737767279148102, 0.00844556000083685, 0.009968960657715797, 0.005334882996976376, 0.007329226937144995, 0.03262311965227127, 0.04618106037378311, 0.005180032458156347]"
330,org:event,"[0.0015485326293855906, 0.0025320262648165226, 0.005630388390272856, 0.003995480015873909, 0.0020699023734778166, 0.9739254713058472, 0.0028173401951789856, 0.0025051049888134003, 0.004975661635398865]"
274,date:event,"[0.001345896627753973, 0.001571950502693653, 0.0017078282544389367, 0.001074796891771257, 0.0012056310661137104, 0.0016911306884139776, 0.0006816292880102992, 0.001847158302552998, 0.9888739585876465]"
145,date:event,"[0.0023700769525021315, 0.0019490908598527312, 0.001494503696449101, 0.0011375518515706062, 0.001480095786973834, 0.001300142495892942, 0.000651191861834377, 0.002281971275806427, 0.9873353838920593]"
671,no_relation,"[0.9522933959960938, 0.0032569393515586853, 0.0031881637405604124, 0.003261656267568469, 0.029304319992661476, 0.0018845737213268876, 0.0018761185929179192, 0.002350911032408476, 0.002584015019237995]"
743,no_relation,"[0.977319598197937, 0.0021394710056483746, 0.0022511675488203764, 0.0020538605749607086, 0.007904225029051304, 0.002308514202013612, 0.001510881120339036, 0.0018154829740524292, 0.0026967639569193125]"
187,date:event,"[0.0032593118958175182, 0.0014648492215201259, 0.0019731789361685514, 0.000884492474142462, 0.0010579457739368081, 0.0018192525021731853, 0.00047334213741123676, 0.0015837515238672495, 0.9874838590621948]"
39,org:event,"[0.0013947606785222888, 0.0023408611305058002, 0.005818545818328857, 0.004313374869525433, 0.0021424186415970325, 0.9749650359153748, 0.0026910570450127125, 0.0023534814827144146, 0.0039803762920200825]"
109,org:event,"[0.0020048576407134533, 0.0017474160995334387, 0.0057001616805791855, 0.003523346036672592, 0.001767236040905118, 0.9733198881149292, 0.002644214779138565, 0.001862023607827723, 0.007430920843034983]"
914,no_relation,"[0.9821911454200745, 0.0018582635093480349, 0.0025396542623639107, 0.002056166995316744, 0.004903318360447884, 0.0014449553564190865, 0.0014333550352603197, 0.0019294783705845475, 0.001643647556193173]"
714,no_relation,"[0.9847362637519836, 0.0017525003058835864, 0.001618831418454647, 0.0014448714209720492, 0.005550767295062542, 0.0009524259367026389, 0.0012201740173622966, 0.001610080013051629, 0.0011141132563352585]"
640,org:members_of,"[0.0022961092181503773, 0.0025632521137595177, 0.0034188120625913143, 0.006673614960163832, 0.9720972180366516, 0.003656378947198391, 0.0035035936161875725, 0.003346501849591732, 0.0024445115122944117]"
515,date:event,"[0.001272684778086841, 0.0014672783436253667, 0.001687870710156858, 0.0009554735152050853, 0.0009589099208824337, 0.0017243967158719897, 0.0005825941916555166, 0.0019148536957800388, 0.9894359111785889]"
1045,date:event,"[0.0019840907771140337, 0.0017381773795932531, 0.0017447281861677766, 0.001116687897592783, 0.0010582292452454567, 0.002078419318422675, 0.00059115159092471, 0.0020951260812580585, 0.9875933527946472]"
272,per:event,"[0.008532683365046978, 0.007876423187553883, 0.8790407180786133, 0.007887927815318108, 0.0045401048846542835, 0.06959737837314606, 0.004273661412298679, 0.004954589530825615, 0.013296542689204216]"
636,org:naming,"[0.03389982134103775, 0.009464436210691929, 0.008930305950343609, 0.576784610748291, 0.32170823216438293, 0.005025340709835291, 0.024222373962402344, 0.015267450362443924, 0.004697378259152174]"
207,date:event,"[0.002099378500133753, 0.0016107719857245684, 0.001421489636413753, 0.0011387985432520509, 0.001224498264491558, 0.0013568043941631913, 0.000595786958001554, 0.001789960777387023, 0.9887625575065613]"
110,date:event,"[0.001521620899438858, 0.0015274480683729053, 0.0015605725347995758, 0.001198055106215179, 0.0012635972816497087, 0.001464196713641286, 0.0006447788327932358, 0.0022577201016247272, 0.9885619878768921]"
331,org:event,"[0.0014062627451494336, 0.0016707205213606358, 0.006561879068613052, 0.004040471278131008, 0.002099422737956047, 0.97468501329422, 0.002773731481283903, 0.002125863451510668, 0.004636665806174278]"
326,per:theory,"[0.1617508828639984, 0.5877019166946411, 0.013447930105030537, 0.04654259979724884, 0.014237572439014912, 0.01955035701394081, 0.03514854982495308, 0.10643484443426132, 0.015185315161943436]"
1127,date:event,"[0.003531025955453515, 0.0016012354753911495, 0.0013222726993262768, 0.0011488926829770207, 0.0011202869936823845, 0.0016292176442220807, 0.0005634502158500254, 0.002181151881814003, 0.9869024753570557]"
614,no_relation,"[0.9787048101425171, 0.002208530670031905, 0.002013271441683173, 0.0016836629947647452, 0.009636466391384602, 0.000984528916887939, 0.001371304620988667, 0.0017586125759407878, 0.0016388492658734322]"
278,date:event,"[0.0016174030024558306, 0.0017674675909802318, 0.0018443966982886195, 0.0010200204560533166, 0.0010334900580346584, 0.0014240960590541363, 0.0006410442874766886, 0.0022720592096447945, 0.9883800745010376]"
823,no_relation,"[0.981663167476654, 0.002373138442635536, 0.004075727425515652, 0.0022181945387274027, 0.0021084598265588284, 0.0013769610086455941, 0.0020902706310153008, 0.00218368717469275, 0.0019105764804407954]"
309,org:members_of,"[0.027926454320549965, 0.006752344314008951, 0.008227666839957237, 0.37217989563941956, 0.5431196093559265, 0.006868716329336166, 0.015209897421300411, 0.012755072675645351, 0.006960374768823385]"
874,no_relation,"[0.9716682434082031, 0.0029674686957150698, 0.002400200115516782, 0.0029906602576375008, 0.013060860335826874, 0.0009430231875739992, 0.0019683234859257936, 0.002301136264577508, 0.0017001975793391466]"
1159,org:members_of,"[0.002079116180539131, 0.0024214377626776695, 0.0029145549051463604, 0.006502808071672916, 0.9738258719444275, 0.004001920111477375, 0.002958073280751705, 0.003265510546043515, 0.0020307423546910286]"
1035,date:event,"[0.006594203878194094, 0.003094729036092758, 0.0047530620358884335, 0.0015885129105299711, 0.002032845513895154, 0.00567250419408083, 0.0008819539798423648, 0.0025003175251185894, 0.9728817939758301]"
265,org:event,"[0.0012651344295591116, 0.001536542666144669, 0.0053537399508059025, 0.0035318429581820965, 0.0018720814259722829, 0.9782479405403137, 0.002255404135212302, 0.0018075603293254972, 0.004129751119762659]"
107,org:naming,"[0.002206269884482026, 0.0038930466398596764, 0.0060789999552071095, 0.9479855895042419, 0.010860507376492023, 0.005991692654788494, 0.011732731945812702, 0.006366902031004429, 0.004884171765297651]"
644,no_relation,"[0.9779435396194458, 0.0018335740314796567, 0.0017336619785055518, 0.003714220132678747, 0.009218673221766949, 0.0013338046846911311, 0.0013110125437378883, 0.0017228464130312204, 0.001188687514513731]"
82,org:event,"[0.0018698667408898473, 0.002515993546694517, 0.006473009940236807, 0.004701812751591206, 0.0017338193720206618, 0.9717497229576111, 0.003217644290998578, 0.002402803860604763, 0.005335476249456406]"
588,law:subordinate,"[0.0029206175822764635, 0.003634989494457841, 0.004414318595081568, 0.016064241528511047, 0.005335033405572176, 0.007490444928407669, 0.9222297072410583, 0.03550664708018303, 0.0024039288982748985]"
675,org:members_of,"[0.0038733442779630423, 0.0057832770980894566, 0.009246040135622025, 0.16211940348148346, 0.7739028334617615, 0.00924309529364109, 0.014901731163263321, 0.015054705552756786, 0.0058755939826369286]"
1028,no_relation,"[0.866310715675354, 0.017259035259485245, 0.020437315106391907, 0.03721318021416664, 0.012277357280254364, 0.00793476589024067, 0.016273872926831245, 0.016667157411575317, 0.0056266337633132935]"
5,org:event,"[0.0016800175653770566, 0.0018891915678977966, 0.011276082135736942, 0.0039251577109098434, 0.002314298879355192, 0.9689178466796875, 0.0031098665203899145, 0.002626135479658842, 0.004261457826942205]"
46,per:event,"[0.0029916297644376755, 0.0060541690327227116, 0.935005247592926, 0.008314985781908035, 0.0036648274399340153, 0.03040147013962269, 0.0049139754846692085, 0.004489456303417683, 0.004164238926023245]"
381,per:theory,"[0.005548807792365551, 0.9573286771774292, 0.008225062862038612, 0.004489579703658819, 0.0047533148899674416, 0.003132785437628627, 0.0033171302638947964, 0.007534998003393412, 0.005669545382261276]"
569,org:naming,"[0.0019383232574909925, 0.0033299701754003763, 0.005199938081204891, 0.9542231559753418, 0.012012503109872341, 0.004847414325922728, 0.008549176156520844, 0.006498813629150391, 0.003400747198611498]"
408,no_relation,"[0.9805898666381836, 0.0032377231400460005, 0.0025002688635140657, 0.001714304438792169, 0.0055452799424529076, 0.0013979467330500484, 0.002070763846859336, 0.0016000813338905573, 0.0013437641318887472]"
301,date:event,"[0.0019604351837188005, 0.0014323898358270526, 0.0016561219235882163, 0.0010077746119350195, 0.0009391091880388558, 0.0015342383412644267, 0.0005193703109398484, 0.0017812325386330485, 0.9891694784164429]"
552,no_relation,"[0.9768804311752319, 0.002056049183011055, 0.0019528097473084927, 0.0062249754555523396, 0.006666508503258228, 0.0011766093084588647, 0.0018131638644263148, 0.002104799961671233, 0.001124715432524681]"
458,no_relation,"[0.9516200423240662, 0.007651536725461483, 0.003277068492025137, 0.005472955759614706, 0.023458166047930717, 0.0026276635471731424, 0.0023309490643441677, 0.002108426997438073, 0.0014532053610309958]"
1051,date:event,"[0.00470521068200469, 0.0017467663856223226, 0.0014490241883322597, 0.001305170706473291, 0.0012806798331439495, 0.001193261705338955, 0.0005415866035036743, 0.002119094366207719, 0.9856593608856201]"
904,org:members_of,"[0.0020702951587736607, 0.0024366893339902163, 0.004431457724422216, 0.03979841247200966, 0.934322714805603, 0.0036069953348487616, 0.006230400409549475, 0.0045485529117286205, 0.00255458801984787]"
188,date:event,"[0.001642935210838914, 0.0014920668909326196, 0.0015110080130398273, 0.0009457708219997585, 0.00098021375015378, 0.0014100474072620273, 0.0005180194857530296, 0.001637022476643324, 0.9898629188537598]"
1137,no_relation,"[0.8419481515884399, 0.006110299378633499, 0.021511118859052658, 0.009759892709553242, 0.011427061632275581, 0.08539090305566788, 0.0044967555440962315, 0.00816187635064125, 0.011193960905075073]"
88,date:event,"[0.001951283193193376, 0.0012834121007472277, 0.0015057518612593412, 0.001075388048775494, 0.0014080759137868881, 0.001341320457868278, 0.0006413004593923688, 0.0019783072639256716, 0.9888151288032532]"
